{
  "total_patients": 3120,
  "strain_distribution": {
    "OTHER": 2666,
    "ESBLE": 404,
    "MRSA": 40,
    "CRO": 10
  },
  "coordinate_bounds": {
    "min_lat": 20.0052014779947,
    "max_lat": 24.9515840115381,
    "min_lon": 110.074699707429,
    "max_lon": 118.56961658301
  }
}